,cmc_id,name,current_name,symbol,name_in_duneanalytics,name_in_debank,name_in_defi,name_in_tt,name_in_defistation,name_in_solana
0,1.0,Bitcoin,Bitcoin,BTC,,,,Bitcoin,,
1,2.0,Litecoin,Litecoin,LTC,,,,Litecoin,,
27,74.0,Dogecoin,Dogecoin,DOGE,,,,Dogecoin,,
56,213.0,MonaCoin,MonaCoin,MONA,,Mona,,,,
100,512.0,Stellar,Stellar,XLM,,,,Stellar,,
104,572.0,RabbitCoin,RabbitCoin,RBBT,,RabbitHole,,,,
131,789.0,Nexus,Nexus,NXS,Nexus Mutual,,Nexus-Mutual,,,
136,825.0,Tether,Tether,USDT,,,,,,Tether
168,1027.0,Ethereum,Ethereum,ETH,,,,Ethereum,,
186,1104.0,Augur,Augur,REP,Augur,Augur,Augur,,,
200,1168.0,Decred,Decred,DCR,,,,Decred,,
228,1274.0,Waves,Waves,WAVES,,,,,,Waves
260,1437.0,Zcash,Zcash,ZEC,,,,Zcash,,
285,1518.0,Maker,Maker,MKR,MakerDAO,Maker,Maker,MakerDAO,,
292,1552.0,Enzyme,Enzyme,MLN,,Enzyme,Enzyme Finance,Enzyme Finance,,
293,1552.0,Enzyme,Enzyme,MLN,,Enzyme,Enzyme-Finance,Enzyme Finance,,
294,1552.0,Enzyme,Enzyme,MLN,,Melon,Enzyme Finance,Enzyme Finance,,
295,1552.0,Enzyme,Enzyme,MLN,,Melon,Enzyme-Finance,Enzyme Finance,,
296,1552.0,Enzyme,Enzyme,MLN,,Melon Token,Enzyme Finance,Enzyme Finance,,
297,1552.0,Enzyme,Enzyme,MLN,,Melon Token,Enzyme-Finance,Enzyme Finance,,
312,1605.0,Universe,Universe,UNI,,Universe,,Universe,,
329,1659.0,Gnosis,Gnosis,GNO,,Gnosis,Gnosis,Gnosis,,
330,1659.0,Gnosis,Gnosis,GNO,,Gnosis Token,Gnosis,Gnosis,,
338,1680.0,Aragon,Aragon,ANT,,Aragon,,,,
339,1680.0,Aragon,Aragon,ANT,,Aragon Network Token,,,,
364,1727.0,Bancor,Bancor,BNT,Bancor,Bancor,Bancor,Bancor,,
365,1727.0,Bancor,Bancor,BNT,Bancor,Bancor Network Token,Bancor,Bancor,,
412,1839.0,Binance Coin,Binance Coin,BNB,,,,Binance Chain,,
430,1896.0,0x,0x,ZRX,0x,0x,,0x,,
431,1896.0,0x,0x,ZRX,0x,0x Protocol Token,,0x,,
444,1934.0,Loopring,Loopring,LRC,,Loopring,Loopring,Loopring,,
445,1934.0,Loopring,Loopring,LRC,,Loopring V1,Loopring,Loopring,,
446,1934.0,Loopring,Loopring,LRC,,LoopringCoin V2,Loopring,Loopring,,
456,1958.0,TRON,TRON,TRX,,,,TRON,,
465,1975.0,Chainlink,Chainlink,LINK,,ChainLink,,,,Chainlink
466,1975.0,Chainlink,Chainlink,LINK,,ChainLink Token,,,,Chainlink
468,1982.0,Kyber Network,Kyber Network Crystal Legacy,KNC,,Kyber,Kyber,Kyber,,
469,1982.0,Kyber Network,Kyber Network Crystal Legacy,KNC,,Kyber Network Crystal,Kyber,Kyber,,
475,1993.0,Kin,Kin,KIN,,,,,,Kin
483,2010.0,Cardano,Cardano,ADA,,,,Cardano,,
484,2011.0,Tezos,Tezos,XTZ,,,,Tezos,,
500,2058.0,AirSwap,AirSwap,AST,,Airswap,,,,
595,2280.0,Filecoin,Filecoin,FIL,,,,Filecoin,,
687,2430.0,Hydro Protocol,Hydro Protocol,HOT,,Hydro Protocol Token,,,,
755,2538.0,Nectar,Nectar,NEC,,Ethfinex Nectar Token,,,,
756,2539.0,Ren,Ren,REN,Ren,Ren,RenVM,Ren,,Ren
757,2539.0,Ren,Ren,REN,Ren,Republic Token,RenVM,Ren,,Ren
796,2586.0,Synthetix,Synthetix,SNX,Synthetix,Synthetix,Synthetix,Synthetix,,
797,2586.0,Synthetix,Synthetix,SNX,Synthetix,Synthetix Network Token,Synthetix,Synthetix,,
820,2620.0,Switcheo,Switcheo,SWTH,,Switcheo,,,,
835,2653.0,Auctus,Auctus,AUC,,,Auctus,,,
853,2682.0,Holo,Holo,HOT,,Hydro Protocol Token,,,,
905,2762.0,Open Platform,Open Platform,OPEN,,OPEN Governance Token,,,,
906,2762.0,Open Platform,Open Platform,OPEN,,OpenDAO,,,,
945,2873.0,Metronome,Metronome,MET,,,Metronome,,,
1093,3127.0,Themis,Themis,GET,,Themis,,,,
1252,3408.0,USD Coin,USD Coin,USDC,,,,,,USDC
1272,3444.0,KUN,KUN,KUN,,Qian,QIAN,,,
1273,7721.0,KUN,KUN,KUN,,Qian,QIAN,,,
1364,3640.0,Livepeer,Livepeer,LPT,,,,Livepeer,,
1493,3809.0,DOS Network,DOS Network,DOS,,DOS Network,,,,
1494,3809.0,DOS Network,DOS Network,DOS,,DOS Network Token,,,,
1555,3890.0,Polygon,Polygon,MATIC,,,Matic-Network,,,
1556,3890.0,Polygon,Polygon,MATIC,,,Polygon,,,
1577,3918.0,Safe,Safe,SAFE,,SAFE,,,,
1585,3928.0,IDEX,IDEX,IDEX,,IDEX,IDEX,IDEX,,
1586,3928.0,IDEX,IDEX,IDEX,,IDEX Token,IDEX,IDEX,,
1612,3964.0,Reserve Rights,Reserve Rights,RSR,,Reserve Rights,,,,
1664,4056.0,Ampleforth,Ampleforth,AMPL,,Ampleforth,,,,
1700,4118.0,ForTube,ForTube,FOR,,ForTube Bank,ForTube,,ForTube,
1701,4118.0,ForTube,ForTube,FOR,,ForTube Bank V1,ForTube,,ForTube,
1702,4118.0,ForTube,ForTube,FOR,,ForTube Bond,ForTube,,ForTube,
1703,4118.0,ForTube,ForTube,FOR,,The Force Token,ForTube,,ForTube,
1724,4157.0,THORChain,THORChain,RUNE,,,,THORChain,,
1731,4172.0,Terra,Terra,LUNA,,,,Terra,,Terra
1764,4228.0,Ferrum Network,Ferrum Network,FRM,,Ferrum,,,,
1765,4228.0,Ferrum Network,Ferrum Network,FRM,,Ferrum Network Token,,,,
1795,4276.0,Defi,Defi,DEFI,DeFi,,DeFi Swap,,,
1796,4276.0,Defi,Defi,DEFI,DeFi,,DeFi-Swap,,,
1809,4293.0,Perlin,Perlin,PERL,,Perlin,PerlinX,,,
1810,4293.0,Perlin,Perlin,PERL,,PerlinX,PerlinX,,,
1818,4307.0,UNICORN Token,UNICORN Token,UNI,,UNICORN Token,,UNICORN Token,,
1897,4679.0,Band Protocol,Band Protocol,BAND,,Band,,,,
1898,4679.0,Band Protocol,Band Protocol,BAND,,BandToken,,,,
1926,4758.0,dForce,dForce,DF,,dForce,dForce,,,
1927,4758.0,dForce,dForce,DF,,dForce Lending,dForce,,,
1928,4758.0,dForce,dForce,DF,,dForce Trade,dForce,,,
1929,4758.0,dForce,dForce,DF,,dForce Yield Markets,dForce,,,
1969,4846.0,Kava.io,Kava.io,KAVA,,,,Kava,,
1991,4901.0,Anchor,Anchor,ANCT,,,,,,Anchor
2010,4944.0,Tellor,Tellor,TRB,,Tellor,,,,
2054,5034.0,Kusama,Kusama,KSM,,,,Kusama,,
2134,5187.0,Jarvis Network,Jarvis Network,JRT,,Jarvis Network,,,,
2216,5354.0,PEAKDEFI,PEAKDEFI,PEAK,,PEAKDEFI,PEAKDEFI,,,
2249,5410.0,PARSIQ,PARSIQ,PRQ,,,,,,PARSIQ
2261,5426.0,Solana,Solana,SOL,,,,,,Solana
2268,5434.0,pTokens BTC,pTokens BTC,PBTC,,pBTC,,,,
2269,5434.0,pTokens BTC,pTokens BTC,PBTC,,pNetwork,,,,
2348,5566.0,Keep Network,Keep Network,KEEP,,Keep,KEEP Network,Keep Network,,
2349,5566.0,Keep Network,Keep Network,KEEP,,Keep,KEEP-Network,Keep Network,,
2350,5566.0,Keep Network,Keep Network,KEEP,,KEEP Token,KEEP Network,Keep Network,,
2351,5566.0,Keep Network,Keep Network,KEEP,,KEEP Token,KEEP-Network,Keep Network,,
2366,5601.0,xDai,xDai,STAKE,,xDai,xDai,,,
2375,5617.0,UMA,UMA,UMA,,UMA,,UMA,,
2376,5617.0,UMA,UMA,UMA,,UMA Voting Token v1,,UMA,,
2387,5631.0,Orion Protocol,Orion Protocol,ORN,,Orion Protocol,,,,
2388,5632.0,Arweave,Arweave,AR,,,,Arweave,,
2402,5660.0,UniPower,UniPower,POWER,,UniPower,,,,
2418,5692.0,Compound,Compound,COMP,Compound,Compound,Compound,Compound,,
2429,5712.0,FinNexus,FinNexus,FNX,,FinNexus,,,,
2438,5728.0,Balancer,Balancer,BAL,Balancer,Balancer,Balancer,Balancer,,
2447,5741.0,DMM: Governance,DMM: Governance,DMG,,DefiMoneyMarket,,,,
2448,5741.0,DMM: Governance,DMM: Governance,DMG,,DMM: Governance,,,,
2455,5748.0,Meta,mStable Governance Token: Meta (MTA),MTA,,Meta,,mStable,,
2456,5748.0,mStable Governance Token: Meta (MTA),mStable Governance Token: Meta (MTA),MTA,,,mStable,,,
2469,5776.0,tBTC,tBTC,TBTC,,tBTC,,,,
2482,5794.0,pNetwork,pNetwork,PNT,,pNetwork,,,,
2483,5794.0,pNetwork,pNetwork,PNT,,pNetwork Token,,,,
2497,5810.0,bZx Protocol,bZx Protocol,BZRX,,bZx,bZx,,bZx Protocol,
2498,5810.0,bZx Protocol,bZx Protocol,BZRX,,bZx Protocol Token,bZx,,bZx Protocol,
2499,5810.0,bZx Protocol,bZx Protocol,BZRX,,bZx V1,bZx,,bZx Protocol,
2506,5821.0,Aleph.im,Aleph.im,ALEPH,,,,,,Aleph.im
2509,5827.0,AntiscamToken,AntiscamToken,AST,,AirSwap Token,,,,
2511,5829.0,TrustSwap,TrustSwap,SWAP,,TrustSwap,,,,
2512,5829.0,TrustSwap,TrustSwap,SWAP,,TrustSwap Token,,,,
2513,5830.0,NXM,NXM,NXM,,Nexus Mutual,,Nexus Mutual,,
2517,5834.0,Add.xyz,Add.xyz,ADD,,ADD.XYZ,,,,
2523,5841.0,NEST Protocol,NEST Protocol,NEST,,NEST,,,,
2537,5864.0,yearn.finance,yearn.finance,YFI,yearn.finance,Yearn,yearn.finance,yearn.finance,,
2538,5864.0,yearn.finance,yearn.finance,YFI,yearn.finance,Yearn V2,yearn.finance,yearn.finance,,
2539,5864.0,yearn.finance,yearn.finance,YFI,yearn.finance,yearn.finance,yearn.finance,yearn.finance,,
2549,5877.0,Rarible,Rarible,RARI,,,,Rarible,,
2559,5890.0,Unit Protocol,Unit Protocol,COL,,,,Unit Protocol,,
2560,5892.0,Anyswap,Anyswap,ANY,,Anyswap,,,,
2561,5893.0,Frontier,Frontier,FRONT,,,,,,Frontier
2581,5922.0,Swingby,Swingby,SWINGBY,,Swingby,,,,
2593,5942.0,DEMOS,DEMOS,DOS,,DOS Network Token,,,,
2596,5948.0,Unicrypt,Unicrypt,UNC,,Unicrypt,,,,
2601,5956.0,MCDEX,MCDEX,MCB,,MCDEX,MCDEX,,,
2602,5956.0,MCDEX,MCDEX,MCB,,MCDEX Token,MCDEX,,,
2603,5957.0,DFI.Money,DFI.Money,YFII,,DFI.Money (YFII),DFI.money,,,
2604,5957.0,DFI.Money,DFI.Money,YFII,,YFII.finance,DFI.money,,,
2712,6187.0,Serum,Serum,SRM,,,,Serum,,Serum Swap
2713,6187.0,Serum,Serum,SRM,,,,Serum,,SerumDex
2718,6193.0,Cream Finance,Cream Finance,CREAM,,Cream,C.R.E.A.M. Finance,Cream,Cream Finance,
2719,6193.0,Cream Finance,Cream Finance,CREAM,,Cream,C.R.E.A.M. Swap,Cream,Cream Finance,
2720,6193.0,Cream Finance,Cream Finance,CREAM,,Cream,C.R.E.A.M.-Finance,Cream,Cream Finance,
2721,6193.0,Cream Finance,Cream Finance,CREAM,,Cream,C.R.E.A.M.-Swap,Cream,Cream Finance,
2722,6193.0,Cream Finance,Cream Finance,CREAM,,Cream V2,C.R.E.A.M. Finance,Cream,Cream Finance,
2723,6193.0,Cream Finance,Cream Finance,CREAM,,Cream V2,C.R.E.A.M. Swap,Cream,Cream Finance,
2724,6193.0,Cream Finance,Cream Finance,CREAM,,Cream V2,C.R.E.A.M.-Finance,Cream,Cream Finance,
2725,6193.0,Cream Finance,Cream Finance,CREAM,,Cream V2,C.R.E.A.M.-Swap,Cream,Cream Finance,
2727,6195.0,Unitrade,Unitrade,TRADE,,,UniTrade,,,
2777,6370.0,Terra SDT,Terra SDT,SDT,,Stake DAO Token,,,,
2788,6405.0,MiniSwap,MiniSwap,MINI,,MINISWAP,,,,
2790,6407.0,YF Link,YF Link,YFL,,YFLink,,,,
2858,6538.0,Curve DAO Token,Curve DAO Token,CRV,,Curve,Curve Finance,Curve,,
2859,6538.0,Curve DAO Token,Curve DAO Token,CRV,,Curve,Curve-Finance,Curve,,
2860,6538.0,Curve DAO Token,Curve DAO Token,CRV,,Curve DAO Token,Curve Finance,Curve,,
2861,6538.0,Curve DAO Token,Curve DAO Token,CRV,,Curve DAO Token,Curve-Finance,Curve,,
2862,6539.0,YAM v1,YAM v1,YAM,,YAM,,,,
2863,6539.0,YAM v1,YAM v1,YAM,,YAM V1,,,,
2864,6539.0,YAM v1,YAM v1,YAM,,YAM V3,,,,
2893,6597.0,Meme,Meme,MEME,,MEME,,,,
2904,6611.0,DuckDaoDime,DuckDaoDime,DDIM,,DuckDaoDime,,,,
2910,6622.0,Hakka.Finance,Hakka.Finance,HAKKA,,HAKKA,,,,
2911,6622.0,Hakka.Finance,Hakka.Finance,HAKKA,,Hakka Finance,,,,
2920,6636.0,Polkadot,Polkadot,DOT,,,,Polkadot,,
2941,6669.0,PowerPool,PowerPool,CVP,,Concentrated Voting Power,,PowerPool,,
2942,6669.0,PowerPool,PowerPool,CVP,,PowerPool,,PowerPool,,
2957,6694.0,Open Predict Token,Open Predict Token,OPT,,Open Predict Token,,,,
2958,6694.0,Open Predict Token,Open Predict Token,OPT,,OpenPredict,,,,
2964,6705.0,Lien,Lien,LIEN,,FairSwap,,,,
2965,6705.0,Lien,Lien,LIEN,,lien,,,,
2971,6718.0,Growth DeFi,Growth DeFi,GRO,,Growth,,,,
2972,6718.0,Growth DeFi,Growth DeFi,GRO,,GrowthDeFi,,,,
2973,6719.0,The Graph,The Graph,GRT,,,,,,The Graph
2978,6727.0,Reserve,Reserve,RSV,,Reserve,,,,
2994,6758.0,SushiSwap,SushiSwap,SUSHI,SushiSwap,SushiSwap,SushiSwap,SushiSwap,,
2995,6758.0,SushiSwap,SushiSwap,SUSHI,SushiSwap,SushiToken,SushiSwap,SushiSwap,,
3029,6839.0,KIMCHI.finance,KIMCHI.finance,KIMCHI,,KIMCHI,,,,
3030,6839.0,KIMCHI.finance,KIMCHI.finance,KIMCHI,,KIMCHI.finance,,,,
3033,6843.0,Radicle,Radicle,RAD,,,,Centrifuge,,
3040,6859.0,Harvest Finance,Harvest Finance,FARM,Harvest Finance,FARM Reward Token,Harvest Finance,Harvest Finance,,
3041,6859.0,Harvest Finance,Harvest Finance,FARM,Harvest Finance,FARM Reward Token,Harvest-Finance,Harvest Finance,,
3042,6859.0,Harvest Finance,Harvest Finance,FARM,Harvest Finance,Harvest,Harvest Finance,Harvest Finance,,
3043,6859.0,Harvest Finance,Harvest Finance,FARM,Harvest Finance,Harvest,Harvest-Finance,Harvest Finance,,
3072,6901.0,Swerve,Swerve,SWRV,,Swerve,Swerve Finance,Swerve Finance,,
3073,6901.0,Swerve,Swerve,SWRV,,Swerve,Swerve-Finance,Swerve Finance,,
3074,6901.0,Swerve,Swerve,SWRV,,Swerve DAO Token,Swerve Finance,Swerve Finance,,
3075,6901.0,Swerve,Swerve,SWRV,,Swerve DAO Token,Swerve-Finance,Swerve Finance,,
3090,6928.0,Bella Protocol,Bella Protocol,BEL,,Bella,,,,
3091,6929.0,Hegic,Hegic,HEGIC,Hegic,Hegic,HEGIC,Hegic,,
3099,6938.0,YFDAI.FINANCE,YFDAI.FINANCE,YF-DAI,,YfDAI,,,,
3106,6944.0,MilliMeter,MilliMeter,MM,,MMToken,,,,
3107,6945.0,Amp,Amp,AMP,,Amp,,,,
3109,6949.0,Hedget,Hedget,HGET,,Hedget,,,,
3110,6950.0,Perpetual Protocol,Perpetual Protocol,PERP,,Perpetual,,Perpetual Protocol,,
3112,6952.0,Frax,Frax,FRAX,,Frax,,,,
3113,6953.0,Frax Share,Frax Share,FXS,,Frax Share,,,,
3129,6974.0,Yeld Finance,Yeld Finance,YELD,,YIELD (yield.is),,,,
3140,6986.0,Squirrel Finance,Squirrel Finance,NUTS,,,,,Squirrel Finance,
3143,6991.0,Sashimi,Sashimi,SASHIMI,,SashimiSwap,,,,
3144,6991.0,Sashimi,Sashimi,SASHIMI,,SashimiToken,,,,
3147,6997.0,SakeToken,SakeToken,SAKE,,SakeSwap,,,,
3148,6997.0,SakeToken,SakeToken,SAKE,,SakeToken,,,,
3171,7022.0,Pickle Finance,Pickle Finance,PICKLE,,Pickle,Pickle Finance,,,
3172,7022.0,Pickle Finance,Pickle Finance,PICKLE,,Pickle,Pickle-Finance,,,
3173,7022.0,Pickle Finance,Pickle Finance,PICKLE,,PickleToken,Pickle Finance,,,
3174,7022.0,Pickle Finance,Pickle Finance,PICKLE,,PickleToken,Pickle-Finance,,,
3180,7033.0,Empty Set Dollar,Empty Set Dollar,ESD,,Empty Set Dollar,,,,
3181,7034.0,Golff,Golff,GOF,,Golff,,,,
3182,7034.0,Golff,Golff,GOF,,Golff.finance,,,,
3192,7046.0,Aavegotchi,Aavegotchi,GHST,,Aavegotchi,,,,
3193,7046.0,Aavegotchi,Aavegotchi,GHST,,Aavegotchi GHST Token,,,,
3204,7064.0,BakeryToken,BakeryToken,BAKE,,BakerySwap,,,Bakery Swap,
3211,7077.0,UniFi Protocol,UniFi Protocol,UP,,,,,UniFi Protocol,
3215,7083.0,Uniswap,Uniswap,UNI,Uniswap,Uniswap,Uniswap,Uniswap,,
3216,7083.0,Uniswap,Uniswap,UNI,Uniswap,Uniswap V1,Uniswap,Uniswap,,
3219,7087.0,Dego Finance,Dego Finance,DEGO,,Dego,,,,
3220,7087.0,Dego Finance,Dego Finance,DEGO,,dego.finance,,,,
3223,7094.0,dHedge DAO,dHedge DAO,DHT,,dHEDGE,dHEDGE,dHEDGE,,
3224,7094.0,dHedge DAO,dHedge DAO,DHT,,dHedge DAO Token,dHEDGE,dHEDGE,,
3230,7102.0,Linear,Linear,LINA,,Linear,,,Linear Finance,
3231,7102.0,Linear,Linear,LINA,,Linear Token,,,Linear Finance,
3250,7131.0,YAM v3,YAM v3,YAM,,Umbrella,,,,
3251,7131.0,YAM v3,YAM v3,YAM,,YAM,,,,
3252,7131.0,YAM v3,YAM v3,YAM,,YAM V1,,,,
3253,7131.0,YAM v3,YAM v3,YAM,,YAM V3,,,,
3257,7136.0,OneSwap DAO Token,OneSwap DAO Token,ONES,,OneSwap,,,,
3260,7143.0,DiFy.Finance,DiFy.Finance,YFIII,,DiFy,,,,
3261,7143.0,DiFy.Finance,DiFy.Finance,YFIII,,DiFy.Finance,,,,
3280,7168.0,xBTC,xBTC,xBTC,,xBTC,,,,
3281,7169.0,Chicken,Chicken,KFC,,Chicken,,,,
3290,7186.0,PancakeSwap,PancakeSwap,CAKE,,PancakeSwap,,PancakeSwap,pancake,
3291,7187.0,S.Finance,S.Finance,SFG,,S.Finance,,,,
3310,7216.0,Lua Token,Lua Token,LUA,,LuaSwap,,,,
3311,7216.0,Lua Token,Lua Token,LUA,,LuaToken,,,,
3315,7222.0,yAxis,yAxis,YAX,,yAxis,yAxis,,,
3318,7224.0,DODO,DODO,DODO,,DODO,DODO,DODO,DODO,
3319,7224.0,DODO,DODO,DODO,,DODO bird,DODO,DODO,DODO,
3320,7225.0,DeFiner,DeFiner,FIN,,DeFiner,DeFiner,,,
3322,7227.0,APY.Finance,APY.Finance,APY,,APY Governance Token,,,,
3323,7227.0,APY.Finance,APY.Finance,APY,,APY.Finance,,,,
3324,7228.0,DerivaDAO,DerivaDAO,DDX,,DerivaDAO,,,,
3325,7228.0,DerivaDAO,DerivaDAO,DDX,,DerivaDEX,,,,
3326,7228.0,DerivaDEX,DerivaDAO,DDX,,DerivaDEX,DerivaDEX,DerivaDEX,,
3327,7230.0,Opium,Opium,OPIUM,,Opium,Opium-Network,,,
3328,7230.0,Opium,Opium,OPIUM,,Opium Governance Token,Opium-Network,,,
3329,7231.0,Nsure.Network,Nsure.Network,NSURE,,Nsure Network,,,,
3330,7232.0,Alpha Finance Lab,Alpha Finance Lab,ALPHA,,Alpha Homora V2,,Alpha Finance,Alpha Homora,
3331,7232.0,Alpha Finance Lab,Alpha Finance Lab,ALPHA,,AlphaToken,,Alpha Finance,Alpha Homora,
3338,7242.0,cVault.finance,cVault.finance,CORE,,CoreVault,cvault.finance,,,
3339,7242.0,cVault.finance,cVault.finance,CORE,,cVault.finance,cvault.finance,,,
3363,7278.0,Aave,Aave,AAVE,Aave,Aave,Aave,Aave,,
3364,7278.0,Aave,Aave,AAVE,Aave,Aave Token,Aave,Aave,,
3365,7278.0,Aave,Aave,AAVE,Aave,Aave V1,Aave,Aave,,
3366,7278.0,Aave,Aave,AAVE,Aave,Aave V2,Aave,Aave,,
3368,7284.0,PieDAO DOUGH v2,PieDAO DOUGH v2,DOUGH,,PieDAO DOUGH v2,PieDAO,,,
3371,7288.0,Venus,Venus,XVS,,Venus,,Venus,Venus,
3385,7311.0,Beefy.Finance,Beefy.Finance,BIFI,,,,,Beefy.Finance,
3397,7326.0,DeXe,DeXe,DEXE,,DeXe,,,,
3405,7336.0,Index Cooperative,Index Cooperative,INDEX,,Index,Index Coop,Index Cooperative,,
3406,7336.0,Index Cooperative,Index Cooperative,INDEX,,Index,Index-Coop,Index Cooperative,,
3407,7336.0,Index Cooperative,Index Cooperative,INDEX,,Index Coop,Index Coop,Index Cooperative,,
3408,7336.0,Index Cooperative,Index Cooperative,INDEX,,Index Coop,Index-Coop,Index Cooperative,,
3428,7366.0,Stabilize,Stabilize,STBZ,,Stabilize,,,,
3429,7366.0,Stabilize,Stabilize,STBZ,,Stabilize Token,,,,
3430,7367.0,SnowSwap,SnowSwap,SNOW,,SnowSwap,Snowswap,,,
3431,7368.0,Power Index Pool Token,Power Index Pool Token,PIPT,,,PowerIndex,,,
3435,7376.0,Doki Doki Finance,Doki Doki Finance,DOKI,,Doki Doki,,,,
3436,7376.0,Doki Doki Finance,Doki Doki Finance,DOKI,,DokiDokiFinance,,,,
3439,7380.0,Dracula Token,Dracula Token,DRC,,Dracula,,,,
3440,7380.0,Dracula Token,Dracula Token,DRC,,Dracula Token,,,,
3441,7381.0,CoFiX,CoFiX,COFI,,CoFiX,,,,
3442,7382.0,ACoconut,ACoconut,AC,,,,,ACoconut,
3458,7404.0,Value Liquidity,Value Liquidity,VALUE,,Value DeFi,Value DeFi,,,
3459,7404.0,Value Liquidity,Value Liquidity,VALUE,,Value DeFi,Value Liquid,,,
3460,7404.0,Value Liquidity,Value Liquidity,VALUE,,Value DeFi,Value-DeFi,,,
3461,7404.0,Value Liquidity,Value Liquidity,VALUE,,Value DeFi,Value-Liquid,,,
3462,7404.0,Value Liquidity,Value Liquidity,VALUE,,Value Liquidity,Value DeFi,,,
3463,7404.0,Value Liquidity,Value Liquidity,VALUE,,Value Liquidity,Value Liquid,,,
3464,7404.0,Value Liquidity,Value Liquidity,VALUE,,Value Liquidity,Value-DeFi,,,
3465,7404.0,Value Liquidity,Value Liquidity,VALUE,,Value Liquidity,Value-Liquid,,,
3479,7422.0,PlotX,PlotX,PLOT,,PLOT,,,,
3480,7422.0,PlotX,PlotX,PLOT,,PlotX,,,,
3485,7429.0,Liquity,Liquity,LQTY,,,Liquity,Liquity,,
3493,7440.0,BarnBridge,BarnBridge,BOND,,BarnBridge,BarnBridge,BarnBridge,,
3503,7455.0,Audius,Audius,AUDIO,,,,,,Audius
3508,7463.0,RAMP,RAMP,RAMP,,RAMP DEFI,,,,
3523,7486.0,Rari Governance Token,Rari Governance Token,RGT,,Rari Governance Token,,,,
3532,7500.0,Bonded Finance,Bonded Finance,BOND,,BarnBridge Governance Token,,,,
3533,7500.0,Bonded Finance,Bonded Finance,BOND,,Bonded,,,,
3540,7509.0,BoringDAO,BoringDAO,BOR,,BoringDAO,,,,
3550,7519.0,BSCswap,BSCswap,BSWAP,,BSCswap,,,BSCswap,
3551,7520.0,SynLev,SynLev,SYN,,SynLev,,,,
3561,7533.0,Oraichain Token,Oraichain Token,ORAI,,Orai,,,,
3562,7533.0,Oraichain Token,Oraichain Token,ORAI,,Oraichain Token,,,,
3564,7535.0,Keep3rV1,Keep3rV1,KP3R,,Keep3r,,,,
3565,7535.0,Keep3rV1,Keep3rV1,KP3R,,Keep3rV1,,,,
3611,7593.0,DefiDollar DAO,DefiDollar DAO,DFD,,DeFiDollar,DefiDollar,,,
3612,7593.0,DefiDollar DAO,DefiDollar DAO,DFD,,DefiDollar DAO,DefiDollar,,,
3613,7594.0,Smoothy,Smoothy,SMTY,,,,,Smoothy,
3628,7617.0,saffron.finance,saffron.finance,SFI,,Saffron,S Finance,,,
3629,7617.0,saffron.finance,saffron.finance,SFI,,Saffron,S-Finance,,,
3630,7617.0,saffron.finance,saffron.finance,SFI,,Spice,S Finance,,,
3631,7617.0,saffron.finance,saffron.finance,SFI,,Spice,S-Finance,,,
3632,7618.0,Alpaca City,Alpaca City,ALPA,,Alpaca City,,,,
3633,7618.0,Alpaca City,Alpaca City,ALPA,,AlpaToken,,,,
3644,7629.0,YFIII,YFIII,YFIII,,DiFy.Finance,,,,
3668,7656.0,Mercurity Swap Protocol,Mercurity Swap Protocol,MEE,,MEE Token,,,,
3669,7656.0,Mercurity Swap Protocol,Mercurity Swap Protocol,MEE,,Mercurity,,,,
3673,7661.0,GYSR,GYSR,GYSR,,Geyser,,,,
3674,7661.0,GYSR,GYSR,GYSR,,GYSR,,,,
3677,7664.0,UniCrypt,UniCrypt,UNCX,,UniCrypt,,,,
3689,7678.0,KeeperDAO,KeeperDAO,ROOK,KeeperDAO,KeeperDAO,KeeperDAO,KeeperDAO,,
3690,7678.0,KeeperDAO,KeeperDAO,ROOK,KeeperDAO,ROOK,KeeperDAO,KeeperDAO,,
3700,7692.0,Radix,Radix,EXRD,,Radix,,,,
3715,7714.0,swiss.finance,swiss.finance,SWISS,,SWISS,,,,
3716,7714.0,swiss.finance,swiss.finance,SWISS,,Swiss Token,,,,
3723,7725.0,TrueFi,TrueFi,TRU,,TrueFi,TrueFi,,,
3724,7725.0,TrueFi,TrueFi,TRU,,TrustToken,TrueFi,,,
3726,7726.0,ICHI,ICHI,ICHI,,ichi.farm,,,,
3736,7742.0,88mph,88mph,MPH,,88mph V1,88mph,88mph,,
3737,7742.0,88mph,88mph,MPH,,88mph V2,88mph,88mph,,
3738,7742.0,88mph,88mph,MPH,,88mph.app,88mph,88mph,,
3741,7747.0,reflect.finance,reflect.finance,RFI,,Reflect,,,,
3742,7747.0,reflect.finance,reflect.finance,RFI,,reflect.finance,,,,
3757,7765.0,Benchmark Protocol,Benchmark Protocol,MARK,,Benchmark,,,,
3758,7765.0,Benchmark Protocol,Benchmark Protocol,MARK,,Benchmark(MARK),,,,
3763,7772.0,Leverj Gluon,Leverj Gluon,L2,,Leverj,,,,
3764,7772.0,Leverj Gluon,Leverj Gluon,L2,,Leverj Gluon,,,,
3774,7783.0,Open Governance Token,Open Governance Token,OPEN,,OPEN Governance Token,,,,
3775,7783.0,Open Governance Token,Open Governance Token,OPEN,,OpenDAO,,,,
3783,7791.0,PancakeBunny,Pancake Bunny,BUNNY,,Bunny,,,PancakeBunny,
3787,7797.0,DeFireX,DeFireX,DFX,,,,,DeFireX,
3799,7813.0,Basis Cash,Basis Cash,BAC,,Basis Cash,,,,
3802,7816.0,Basis Share,Basis Share,BAS,,BAS,,,,
3811,7831.0,Narwhalswap,Narwhalswap,NAR,,,,,Narwhalswap,
3817,7838.0,Base Protocol,Base Protocol,BASE,,Base,,,,
3818,7838.0,Base Protocol,Base Protocol,BASE,,Base Protocol,,,,
3819,7839.0,Degov,Degov,DEGOV,,Degov,,,,
3821,7841.0,Idle,Idle,IDLE,,Idle,Idle Finance,Idle Finance,,
3822,7841.0,Idle,Idle,IDLE,,Idle,Idle-Finance,Idle Finance,,
3824,7844.0,ACryptoS,ACryptoS,ACS,,Acryptos,,,ACryptoS,
3831,7857.0,Mirror Protocol,Mirror Protocol,MIR,,Mirror,,Mirror Protocol,,
3832,7857.0,Mirror Protocol,Mirror Protocol,MIR,,Wrapped MIR Token,,Mirror Protocol,,
3833,7859.0,Badger DAO,Badger DAO,BADGER,,Badger DAO,Badger-DAO,BadgerDAO,,
3842,7874.0,PieDAO DEFI++,PieDAO DEFI++,DEFI++,,PieDAO,PieDAO,PieDAO,,
3843,7875.0,MM Token,MM Token,MM,,MMToken,,,,
3844,7875.0,MM Token,MM Token,MM,,Mushrooms,,,,
3923,7969.0,XVIX,XVIX,XVIX,,XVIX,,,,
3932,7978.0,Bonfida,Bonfida,FIDA,,,,,,Bonfida
3948,8000.0,Lido DAO Token,Lido DAO Token,LDO,,LIDO,,Lido Finance,,Lido
3949,8000.0,Lido DAO Token,Lido DAO Token,LDO,,Lido DAO Token,,Lido Finance,,Lido
3964,8019.0,N3RD Finance,N3RD Finance,N3RDz,,N3rd,,,,
3965,8019.0,N3RD Finance,N3RD Finance,N3RDz,,N3RD.FINANCE,,,,
3974,8029.0,Oxygen,Oxygen,OXY,,,,,,Oxygen
3980,8036.0,YVS.Finance,YVS.Finance,YVS,,YVS,,,,
3981,8036.0,YVS.Finance,YVS.Finance,YVS,,YVS.Finance,,,,
3993,8049.0,Tornado Cash,Tornado Cash,TORN,,Tornado,Tornado Cash,Tornado Cash,,
3994,8049.0,Tornado Cash,Tornado Cash,TORN,,Tornado,Tornado-Cash,Tornado Cash,,
3995,8049.0,Tornado Cash,Tornado Cash,TORN,,TornadoCash,Tornado Cash,Tornado Cash,,
3996,8049.0,Tornado Cash,Tornado Cash,TORN,,TornadoCash,Tornado-Cash,Tornado Cash,,
4002,8056.0,UNION Protocol Governance Token,UNION Protocol Governance Token,UNN,,UNION Protocol Governance Token,,,,
4003,8056.0,UNION Protocol Governance Token,UNION Protocol Governance Token,UNN,,unn,,,,
4010,8063.0,Duck DAO (DLP Duck Token),Duck DAO (DLP Duck Token),DUCK,,DuckDao,,,,
4015,8071.0,OnX Finance,OnX Finance,ONX,,,OnX-Finance,,,
4016,8074.0,Basis Dollar,Basis Dollar,BSD,,Basis Dollar,,,,
4019,8077.0,Rootkit Finance,Rootkit Finance,ROOT,,RootKit,,,,
4023,8083.0,Tokenlon Network Token,Tokenlon Network Token,LON,,Tokenlon,,Tokenlon,,
4032,8100.0,ankrETH,ankrETH,aEth,,Stkr,,,,
4034,8104.0,1inch,1inch,1INCH,1inch,1inch,1inch Liquidity Protocol,1inch,,
4035,8104.0,1inch,1inch,1INCH,1inch,1inch,1inch-Liquidity-Protocol,1inch,,
4036,8104.0,1inch,1inch,1INCH,1inch,1INCH Token,1inch Liquidity Protocol,1inch,,
4037,8104.0,1inch,1inch,1INCH,1inch,1INCH Token,1inch-Liquidity-Protocol,1inch,,
4038,8104.0,1inch,1inch,1INCH,1inch,1inch V1,1inch Liquidity Protocol,1inch,,
4039,8104.0,1inch,1inch,1INCH,1inch,1inch V1,1inch-Liquidity-Protocol,1inch,,
4041,8106.0,Dynamic Set Dollar,Dynamic Set Dollar,DSD,,DSD,,,,
4052,8121.0,Themis,Themis,MIS,,Themis,,,,
4053,8121.0,Themis,Themis,MIS,,ThemisToken,,,,
4063,8132.0,BiFi,BiFi,BIFI,,,,,BiFi,
4068,8137.0,MITH Cash,MITH Cash,MIC,,MITH.CASH,,,,
4071,8141.0,Mithril Share,Mithril Share,MIS,,ThemisToken,,,,
4082,8154.0,Basiscoin Share,Basiscoin Share,BCS,,BCS,,,,
4085,8159.0,One Cash,One Cash,ONC,,One Cash,,,,
4086,8160.0,One Share,One Share,ONS,,ONS,,,,
4090,8164.0,JulSwap,JulSwap,JULD,,JulSwap,,,JulSwap,
4092,8166.0,MAPS,MAPS,MAPS,,,,,,MAPS
4099,8175.0,COVER Protocol,COVER Protocol,COVER,,COVER,Cover Protocol,,,
4100,8175.0,COVER Protocol,COVER Protocol,COVER,,COVER,Cover-Protocol,,,
4101,8175.0,COVER Protocol,COVER Protocol,COVER,,Cover Protocol Governance Token,Cover Protocol,,,
4102,8175.0,COVER Protocol,COVER Protocol,COVER,,Cover Protocol Governance Token,Cover-Protocol,,,
4118,8192.0,Zero Collateral Dai,Zero Collateral Dai,ZAI,,ZAI V1,,,,
4119,8192.0,Zero Collateral Dai,Zero Collateral Dai,ZAI,,ZAI V2,,,,
4120,8192.0,Zero Collateral Dai,Zero Collateral Dai,ZAI,,Zero Collateral Dai,,,,
4129,8202.0,ZKSwap,ZKSwap,ZKS,,Zks,,,,
4130,8202.0,ZKSwap,ZKSwap,ZKS,,ZKSwap,,,,
4134,8206.0,QuickSwap,QuickSwap,QUICK,,,,QuickSwap,,
4143,8219.0,bDollar,bDollar,BDO,,bDollar,,,,
4152,8229.0,UniMex Network,UniMex Network,UMX,,Unimex,,,,
4156,8234.0,Daiquilibrium,Daiquilibrium,DAIQ,,Daiq,,,,
4157,8234.0,Daiquilibrium,Daiquilibrium,DAIQ,,Daiquilibrium,,,,
4160,8237.0,Basis Dollar Share,Basis Dollar Share,BSDS,,Basis Dollar Share,,,,
4171,8253.0,Mars,Mars,Mars,,Mars,,,,
4172,8253.0,Mars,Mars,Mars,,MarsToken,,,,
4176,8259.0,Furucombo,Furucombo,COMBO,,Furucombo,,,,
4177,8260.0,Indexed Finance,Indexed Finance,NDX,,Indexed,,Indexed Finance,,
4181,8265.0,Helmet.insure,Helmet.insure,HELMET,,Helmet,,,,
4189,8273.0,Basis Gold,Basis Gold,BAG,,Basis Gold,,,,
4211,8299.0,Stake DAO,Stake DAO,SDT,,Stake DAO,,Stake DAO,,
4212,8299.0,Stake DAO,Stake DAO,SDT,,Stake DAO Token,,Stake DAO,,
4218,8306.0,Typhoon Cash,Typhoon Cash,PHOON,,Typhoon,,,,
4219,8306.0,Typhoon Cash,Typhoon Cash,PHOON,,TyphoonCash,,,,
4221,8309.0,ARMOR,ARMOR,ARMOR,,Armor,,,,
4229,8316.0,XUSD Stable,XUSD Stable,XUSD,,XUSD,,,,
4242,8334.0,Kebab Token,Kebab Token,KEBAB,,,,,Kebab Finance,
4243,8335.0,Mdex,Mdex,MDX,,,,,Mdex,
4289,8385.0,Umbrella Network,Umbrella Network,UMB,,Umbrella,,,,
4291,8387.0,Auto,Auto,AUTO,,AutoFarm,,,Autofarm,
4321,8422.0,Pangolin,Pangolin,PNG,,,,Pangolin,,
4332,8436.0,Freeliquid,Freeliquid,FL,,FL,,,,
4333,8436.0,Freeliquid,Freeliquid,FL,,Freeliquid,,,,
4336,8439.0,Warp Finance,Warp Finance,WARP,,Warp,Warp-Finance,,,
4346,8449.0,Goose Finance,Goose Finance,EGG,,Goose Finance,,,Goose Finance,
4374,8486.0,Midas Dollar,Midas Dollar,MDO,,,,,Midas Dollar,
4380,8492.0,Vesper,Vesper,VSP,,Vesper,Vesper,,,
4385,8497.0,ApeSwap Finance,ApeSwap Finance,BANANA,,,,,ApeSwap,
4393,8508.0,PoolTogether,PoolTogether,POOL,PoolTogether,PoolTogether,,PoolTogether,,
4403,8519.0,Xend Finance,Xend Finance,XEND,,,,,Xend Finance,
4408,8525.0,Rai Reflex Index,Rai Reflex Index,RAI,,Reflexer,,,,
4409,8526.0,Raydium,Raydium,RAY,,RAY,,,,Raydium
4439,8558.0,BT.Finance,BT.Finance,BT,,BT.Finance,,,,
4468,8598.0,xSigma,xSigma,SIG,,xSigma,,,,
4469,8599.0,xToken,xToken,XTK,,xToken,,,,
4472,8602.0,Bounce Token,Bounce Token,AUCTION,,Bounce,,,,
4473,8602.0,Bounce Token,Bounce Token,AUCTION,,Bounce Token,,,,
4481,8612.0,Float Protocol,Float Protocol,BANK,,Float,,,,
4482,8613.0,Alchemix,Alchemix,ALCX,,Alchemix,Alchemix,Alchemix Finance,,
4505,8642.0,Fei Protocol,Fei Protocol,FEI,,Fei,,Fei Protocol,,
4521,8659.0,Jetfuel Finance,Jetfuel Finance,FUEL,,,,,Jetfuel.Finance,
4545,8691.0,DEXTF Protocol,DEXTF Protocol,DEXTF,,Dextf,Dextf,,,
4546,8691.0,DEXTF Protocol,DEXTF Protocol,DEXTF,,DEXTF Token,Dextf,,,
4555,8701.0,Siren,Siren,SI,,Siren,Siren,SIREN Markets,,
4559,8707.0,Alpaca Finance,Alpaca Finance,ALPACA,,Alpaca Finance,,,,
4560,8708.0,Big Data Protocol,Big Data Protocol,BDP,,BDPToken,,,,
4561,8708.0,Big Data Protocol,Big Data Protocol,BDP,,Big Data Protocol,,,,
4571,8720.0,Inverse Finance,Inverse Finance,INV,,Inverse,Inverse,,,
4579,8730.0,Belt,Belt,BELT,,Belt.fi,,,,
4584,8736.0,HyruleSwap,HyruleSwap,RUPEE,,,,,HyruleSwap,
4594,8747.0,CheesecakeSwap Token,CheesecakeSwap Token,CCAKE,,,,,CheesecakeSwap,
4600,8755.0,Nerve Finance,Nerve Finance,NRV,,Nerve,,,Nerve Finance,Nerve Finance
4603,8758.0,dFuture,dFuture,DFT,,dfuture,,,,
4641,8801.0,Lightning,Lightning,LIGHT,,,Lightning Network,,,
4642,8801.0,Lightning,Lightning,LIGHT,,,Lightning-Network,,,
4691,8856.0,Mango Finance,Mango Finance,MANGO,,,,,,Mango
4724,8891.0,Bitcoin Standard Hashrate Token,Bitcoin Standard Hashrate Token,BTCST,,,,,BTC Standard Hashrate Token,
4729,8896.0,Unslashed Finance,Unslashed Finance,USF,,Unslashed,,,,
4760,8934.0,StakerDAO,StakerDAO,STKR,,Stkr,,,,
4763,8938.0,Ellipsis,Ellipsis,EPS,,Ellipsis,,Ellipsis Finance,Ellipsis Finance,
4782,8961.0,Futureswap,Futureswap,FST,,,Futureswap,Futureswap,,
4820,9021.0,Wrapped XDAI,Wrapped XDAI,wxDai,,xDai,,,,
4843,9043.0,Stone DeFi,Stone DeFi,STN,,STONE,,,,
4852,9054.0,Robo Token,Robo Token,ROBO,,,Robo-Advisor for Yield,,,
4853,9054.0,Robo Token,Robo Token,ROBO,,,Robo-Advisor-for-Yield,,,
4879,9083.0,Equalizer,Equalizer,EQZ,,Equalizer,,,,
4883,9087.0,xDeFi,xDeFi,XDEX,,XDEFI,,,,
4887,9090.0,Pumpy farm,Pumpy farm,PMP,,,,,Pumpy,
4943,9157.0,BasketDAO,BasketDAO,BASK,,,,Basket DAO,,
5002,9229.0,WHEAT Token,WHEAT Token,WHEAT,,,,,WHEAT,
5073,9338.0,Fair Safe,Fair Safe,FSAFE,,FairSwap,,,,
5098,9377.0,TreeDefi,TreeDefi,SEED,,,,,TreeDefi,
5147,9443.0,Step Finance,Step Finance,STEP,,,,,,Step Finance
5183,9493.0,Reflexer Ungovernance Token,Reflexer Ungovernance Token,FLX,,Reflexer,Reflexer,Reflexer,,
5203,9532.0,Impermax,Impermax,IMX,,,Impermax,,,
5235,9578.0,Dungeonswap,Dungeonswap,DND,,,,,Dungeonswap,
5246,,,,,dYdX,,,,,
5247,,,,,InstaDApp,,,,,
5248,,,,,Set Protocol,,,,,
5249,,,,,,1inch2,,,,
5250,,,,,,1sd,,,,
5251,,,,,,aave,,,,
5252,,,,,,Aave AMM,,,,
5253,,,,,,aave2,,,,
5254,,,,,,acBTC,,,,
5255,,,,,,ACO,,,,
5256,,,,,,Agave,,,,
5257,,,,,,APWine,,,,
5258,,,,,,ARCx,,,,
5259,,,,,,Artem,,,,
5260,,,,,,B.Protocol,,,,
5261,,,,,,Bao.Finance,,,,
5262,,,,,,Basis Coin,,,,
5263,,,,,,BBTC,,,,
5264,,,,,,BnEX,,,,
5265,,,,,,bsc_1inch,,,,
5266,,,,,,bsc_cream,,,,
5267,,,,,,bsc_dodoex,,,,
5268,,,,,,bsc_ellipsis,,,,
5269,,,,,,bsc_mdex,,,,
5270,,,,,,bsc_pancakeswap,,,,
5271,,,,,,bsc_qian,,,,
5272,,,,,,bsc_venus,,,,
5273,,,,,,bzx2,,,,
5274,,,,,,Charm,,,,
5275,,,,,,ChickenSwap,,,,
5276,,,,,,component,,,,
5277,,,,,,Connext,,,,
5278,,,,,,DDEX,,,,
5279,,,,,,Debaseonomics,,,,
5280,,,,,,Deerfi,,,,
5281,,,,,,DeFi Swap,,,,
5282,,,,,,defiswap,,,,
5283,,,,,,DeFlast,,,,
5284,,,,,,DeversiFi,,,,
5285,,,,,,dexag,,,,
5286,,,,,,dmm.exchange,,,,
5287,,,,,,dodoex,,,,
5288,,,,,,dYdX,,,,
5289,,,,,,Emoon,,,,
5290,,,,,,Emporium,,,,
5291,,,,,,Empty Set Gold,,,,
5292,,,,,,Fei Protocol,,,,
5293,,,,,,FIREDAO,,,,
5294,,,,,,forbank2,,,,
5295,,,,,,HBTC,,,,
5296,,,,,,Honeyswap,,,,
5297,,,,,,HyperBC Farm,,,,
5298,,,,,,imBTC,,,,
5299,,,,,,Incognito,,,,
5300,,,,,,InstaDapp,,,,
5301,,,,,,Kine,,,,
5302,,,,,,Kwenta,,,,
5303,,,,,,M.finance,,,,
5304,,,,,,makerdao,,,,
5305,,,,,,Matcha,,,,
5306,,,,,,Mesa,,,,
5307,,,,,,MetaMask Swaps,,,,
5308,,,,,,Mooniswap,,,,
5309,,,,,,mStable,,,,
5310,,,,,,Notional,,,,
5311,,,,,,Nuo,,,,
5312,,,,,,oBTC,,,,
5313,,,,,,OpenOcean,,,,
5314,,,,,,OpenSea,,,,
5315,,,,,,Opyn,,,,
5316,,,,,,Opyn V1,,,,
5317,,,,,,ParaSwap,,,,
5318,,,,,,Pegscash,,,,
5319,,,,,,Pendle,,,,
5320,,,,,,Polymarket,,,,
5321,,,,,,PureSwap,,,,
5322,,,,,,Rari Capital,,,,
5323,,,,,,renBTC,,,,
5324,,,,,,Sablier,,,,
5325,,,,,,Saddle,,,,
5326,,,,,,sfinance,,,,
5327,,,,,,Smoothy,,,,
5328,,,,,,STEROIDS,,,,
5329,,,,,,Sunflower Swap,,,,
5330,,,,,,sunflowerswap,,,,
5331,,,,,,Tax Heaven,,,,
5332,,,,,,TokenSets,,,,
5333,,,,,,Totle,,,,
5334,,,,,,TRAMS,,,,
5335,,,,,,Unagii,,,,
5336,,,,,,Unisave,,,,
5337,,,,,,uniswap2,,,,
5338,,,,,,uniswap3,,,,
5339,,,,,,unit protocol,,,,
5340,,,,,,USD++,,,,
5341,,,,,,USDx,,,,
5342,,,,,,Volmex,,,,
5343,,,,,,WBTC,,,,
5344,,,,,,WePiggy,,,,
5345,,,,,,Y3D,,,,
5346,,,,,,yfv,,,,
5347,,,,,,Zelda,,,,
5348,,,,,,Zero Set Dollar,,,,
5349,,,,,,,B.Protocol,,,
5350,,,,,,,Bella-Flex-Saving,,,
5351,,,,,,,Connext,,,
5352,,,,,,,DDEX,,,
5353,,,,,,,DeFi-Saver,,,
5354,,,,,,,DeversiFi,,,
5355,,,,,,,dYdX,,,
5356,,,,,,,Erasure,,,
5357,,,,,,,InstaDApp,,,
5358,,,,,,,Integral,,,
5359,,,,,,,LINKSWAP,,,
5360,,,,,,,Nexus Mutual,,,
5361,,,,,,,Notional,,,
5362,,,,,,,Opium Network,,,
5363,,,,,,,Opyn,,,
5364,,,,,,,Primitive,,,
5365,,,,,,,Saddle,,,
5366,,,,,,,Set Protocol,,,
5367,,,,,,,Set-Protocol,,,
5368,,,,,,,WePiggy,,,
5369,,,,,,,,Autofarm,,
5370,,,,,,,,dYdX,,
5371,,,,,,,,Erasure Protocol,,
5372,,,,,,,,Instadapp,,
5373,,,,,,,,Integral Protocol,,
5374,,,,,,,,MetaMask,,
5375,,,,,,,,Mooniswap,,
5376,,,,,,,,Notional Finance,,
5377,,,,,,,,Opyn,,
5378,,,,,,,,Polymarket,,
5379,,,,,,,,Rari Capital,,
5380,,,,,,,,Saddle Finance,,
5381,,,,,,,,Set Protocol,,
5382,,,,,,,,,ARIES FINANCIAL,
5383,,,,,,,,,bDollar Protocol,
5384,,,,,,,,,Belt Finance,
5385,,,,,,,,,bStable.finance,
5386,,,,,,,,,BTcoin.Finance,
5387,,,,,,,,,CBerry,
5388,,,,,,,,,Cobalt.finance,
5389,,,,,,,,,Degen Token Finance,
5390,,,,,,,,,Demex,
5391,,,,,,,,,Elephant Money,
5392,,,,,,,,,Iron Finance,
5393,,,,,,,,,PokeMoon,
5394,,,,,,,,,Stakecow,
5395,,,,,,,,,STORMSWAP,
5396,,,,,,,,,SwampFinance,
5397,,,,,,,,,Thugs,
5398,,,,,,,,,Value DeFi,
5399,,,,,,,,,Waypoint,
5400,,,,BADGER,BadgerDAO,,,,,
5401,,,,BADGER,,Badger DAO,,,,
5402,,,,CREAM,Cream,,,,,
5403,,,,CRV,Curve,,,,,
5404,,,,KNC,Kyber,,,,,
5405,,,,ALPHA,,Alpha Homora,,,,
5406,,,,ALPHA,,,Alpha Homora,,,
5407,,,,ALPHA,,,Alpha-Homora,,,
5408,,,,BSGS,,BSGS,,,,
5409,,,,BUNNY,,Bunny,,,,
5410,,,,BZRX,,bZx,,,,
5411,,,,BZRX,,bZx V1,,,,
5412,,,,DOLLAR,,Dollar,,,,
5413,,,,eXRD,,E-RADIX,,,,
5414,,,,FARM,,Harvest,,,,
5415,,,,FXC,,Flexa,,,,
5416,,,,FXC,,,Flexa,,,
5417,,,,LDO,,LIDO,,,,
5418,,,,LEV,,Leverj,,,,
5419,,,,MARK,,Benchmark(MARK),,,,
5420,,,,MIS2,,MIS2,,,,
5421,,,,"MPH
",,88mph V1,,,,
5422,,,,NFTFY,,NFTfi,,,,
5423,,,,Nsure,,Nsure Network Token,,,,
5424,,,,PCT,,Percent,,,,
5425,,,,PERP,,Perpetual,,,,
5426,,,,REPv2,,Reputation,,,,
5427,,,,RF!,,Reflect,,,,
5428,,,,SAC,,Stand Cash,,,,
5429,,,,SAFE2,,SAFE2,,,,
5430,,,,SAS,,SAS,,,,
5431,,,,SHELL,,Shell,,,,
5432,,,,SHELL,,,Shell,,,
5433,,,,SIG,,X SIGMA,,,,
5434,,,,STONE,,STONE,,,,
5435,,,,TEAM,,Team Finance,,,,
5436,,,,UNN,,unn,,,,
5437,,,,XOS,,Oasis,,,,
5438,,,,XSAT,,Saturn,,,,
5439,,,,Yf-DAI,,YfDAI.finance,,,,
5440,,,,YFI,,Yearn,,,,
5441,,,,YFI,,Yearn V2,,,,
5442,,,,YIELDX,,HubrisOne X,,,,
5443,,,,CRX,,,Cryptex,,,
5444,,,,MM,,,Mushrooms-Finance,,,
5445,,,,CFG,,,,Centrifuge,,
5446,,,,"VSP
",,,,Vesper Finance,,
5447,,,,BHSC,,,,,BlackHoleSwap,
5448,,,,,,,,,,MATH Wallet
5449,,,,,,,,,,unlimitedcope
5450,,,,ORCA,,,,,,Orca
