#,Indiv. Assesment,Audit Score,RugDoc,Farm Name,Farm Symbol,Farm Url,rugdoc_url,network
,,,,,,Sushi,,ETH
,,,,,,Uniswap,,ETH
,,,,,,https://quickswap.exchange/#/quick,,MATIC
,,,,,,https://strudel.finance,,ETH
,,,,,,https://swap.cometh.io/#/stake,,MATIC
,,,,,,https://www.bao.finance,,ETH
x,,,some,Caramel,CARAMEL,https://caramelswap.finance,https://rugdoc.io/project/caramelswap-finance/,BSC
,,,,,,https://absorber.finance,,BSC
x,3.0,,,Icecream,GLTO,https://icecreamswap.finance,https://swapicecream.gitbook.io/icecreamswap-2-0/audit-report,BSC
x,,,some,Mango,MANGO,http://mangofarm.finance,https://rugdoc.io/project/mangofarm/,BSC
,,,,,,https://1inch.exchange/#/dao/farming,,ETH
,,,,,,https://babyswap.finance/ilo,,BSC
,,,,,,SUSHI,,ETH
,,,,,,https://frozenyogurt.finance,,FANTOM
,,,,,,https://autofarm.network,,BSC
,,,,,,https://beta.belt.fi,,BSC
,,,,,,https://app.swamp.finance,,BSC
,,,some,Blue - PlanetFinance,AQUA,https://blue.planetfinance.io,https://rugdoc.io/project/planetfinance/,BSC
,,,,,,https://glacierswap.org/farms/,,BSC
,,,,,,https://dollar.supra.finance,,BSC
,,,low,Borgswap,KLING,https://klingftm.borgswap.exchange,https://rugdoc.io/project/borgswap-kling/,FANTOM
,,,,,,https://app.pangolin.exchange/#/png,,AVAX
,,,some,Apeswap,BANANA,https://apeswap.finance,https://rugdoc.io/project/apeswap/,BSC
,,,low,Gametoken,GME,https://app.gametoken.finance,https://rugdoc.io/project/gametoken/,BSC
,,,low,BerserkFinance,BRSK,https://berserkfinance.com,https://rugdoc.io/project/berserk-finance/,MATIC
,,,,,,https://app.elk.finance,,FANTOM
,,,,,,https://app.wault.finance/polygon,,MATIC
x,,,low,Spooky,boo,https://spookyswap.finance,https://rugdoc.io/project/spookyswap/,FANTOM
,,,,,,https://strd.finance,,FANTOM
,,,high,Frankenstein,FRANK,https://frankenstein.finance,https://rugdoc.io/project/frankenstein/,FANTOM
x,,,high,Waka,WAKA,https://waka.finance,https://rugdoc.io/project/waka-ftm/,FANTOM
,,,some,Opera,OPERA,https://www.operaswap.finance,https://rugdoc.io/project/operaswap-finance/,FANTOM
,,,,,,https://www.liquiddriver.finance,,FANTOM
x,,,low,Polyzap,PZAP,https://farm.polyzap.finance,https://rugdoc.io/project/polyzap-poly/,MATIC
,,,some,Abrakadabra,ABRA,https://abrakadabra.tech,https://rugdoc.io/project/abrakadabra/,BSC
,,,low,Lumberjack,ACORN,https://lumberjack.finance,https://rugdoc.io/project/lumberjack/,MATIC
,,,,,,https://app.acryptos.com,,BSC
,,,,,,https://swipe.org/farm,,BSC
,,,,,,https://xwin.finance,,BSC
,,,low,BitBlocks,BBKFI,https://bitblocks.finance,https://rugdoc.io/project/bitblocks/,BSC
,,,,,,https://pandayield.com,,BSC
x,,,least,Pancake,CAKE,https://pancakeswap.finance,https://rugdoc.io/project/pancakeswap/,BSC
,,,,Goose,GOOSE,https://www.goosedefi.com,https://www.certik.org/projects/ramenswap,BSC
x,,,low,Mochi,MOCHI,https://pool.mochiswap.io,https://rugdoc.io/project/mochiswap/,BSC
,,,low,Slime,SLIME,http://slime.finance,https://rugdoc.io/project/slime/,BSC
,,,low,Jiggly,JIGG,https://www.jiggly.finance,https://rugdoc.io/project/jiggly/,BSC
,,,,,,https://biscuitfarm.finance,,BSC
,,,low,Pumpy,PMP,https://pumpy.farm,https://rugdoc.io/project/pumpy-farm/,BSC
,,,low,Mooncake,MCAKE,https://mooncakeswap.finance,https://rugdoc.io/project/mooncakeswap/,BSC
,,,,,,https://app.comos.finance/,,BSC
,,,,,,https://cheesecakeswap.com,,BSC
,,,,,,https://mouse.farm,,BSC
x,,,low,The Lab,LABO,https://thelab.finance,https://rugdoc.io/project/thelab-finance/,BSC
,,,high,Lokum,LKM,https://lokum.finance,https://rugdoc.io/project/lokum-finance/,BSC
x,,,low,Lime,LIME,https://limeswap.io,https://rugdoc.io/project/limeswap-io/,BSC
,,,,,,https://app.apache.finance/,,BSC
,,,some,Pandaswap,PNDA,https://farms.pandaswap.xyz,https://rugdoc.io/project/pandaswap-xyz/,BSC
,,,low,Panther,PANTHER,https://pantherswap.com,https://rugdoc.io/project/pantherswap/,BSC
,,,low,Jaguar,JAGUAR,https://jaguarswap.com,https://rugdoc.io/project/jaguarswap/,BSC
x,,,low,Zombie,Various,https://zombie-farm.com,https://rugdoc.io/project/zombie-farm-graves/,BSC
,,,some,Degen,DGNZ,https://degentoken.finance,https://rugdoc.io/project/degen/,BSC
,,,,,,https://coinswap.space/,,BSC
x,,,some,Vanillacake,VCAKE,https://vanillacake.farm,https://rugdoc.io/project/vanillacake/,BSC
x,,,some,Garuda,GARUDA,https://garudaswap.finance,https://rugdoc.io/project/garudaswap/,BSC
,,,high,Elixir,ELXR,https://www.elixir-swap.io,https://rugdoc.io/project/elixir-swap/,BSC
xx,,,low,Gator,GATOR,https://gatorswap.xyz,https://rugdoc.io/project/gatorswap/,BSC
,,,low,Dumpling,SDUMP,https://dumplingdefi.finance,https://rugdoc.io/project/dumpling-defi/,BSC
x,,,some,Satis,xSAT,https://satis.finance,https://rugdoc.io/project/satis-finance-xsatis/,BSC
,,,low,Grizzly,GRZ,https://www.grizzlyswap.com,https://rugdoc.io/project/grizzlyswap/,BSC
,,,low,Dinopark,DINO,https://dinopark.finance,https://rugdoc.io/project/dinopark/,BSC
x,,90.0,,TenFi,TENFI,https://ten.finance,https://www.certik.org/projects/tenfinance,BSC
,,,,,,https://cougarswap.io,,BSC
,,,some,Ant,ANT,https://antswap.fi,https://rugdoc.io/project/antswap/,BSC
x,,,some,Lavacake,LAVA,https://lavacake.finance,https://rugdoc.io/project/lava-cake/,BSC
,,,,,,https://www.andromedadefi.com,,BSC
,,,,,,https://thunderbird.finance/,,BSC
,,,,,,https://www.venomswap.net,,BSC
,,,,,,https://www.blacksheepdefi.com,,BSC
x,,,low,Cerberus,CERBERUS,https://gocerberus.finance,https://rugdoc.io/project/gocerberus/,BSC
,,,,,,https://rushmoon.finance/farms,,BSC
x,,,low,Wault,WAULT,https://app.wault.finance,https://rugdoc.io/project/wault/,BSC
,,,,,,https://manyswap.io,,BSC
,,,some,Mozart,PIANO,https://mozartfinance.io,https://rugdoc.io/project/mozart-v2/,BSC
x,,,low,Tree,SEED,https://app.treedefi.com,https://rugdoc.io/project/freedefi/,BSC
,,,,,,https://iron.finance/,,BSC
,,,,,,https://app.sushi.com,,MATIC
x,,,low,Polycat,FISH,https://polycat.finance,https://rugdoc.io/project/polycat/,MATIC
,,,,,,https://swap.smartdex.app,,MATIC
,,,,,,https://dogen.finance,,ETH
,,,,,,https://alchemydao.com,,ETH
,,,,,,https://polygon.alchemydao.com,,MATIC
,,,,,,https://pickle.finance/farms,,ETH
,,,,,,https://app.alchemix.fi/farms,,ETH
,,,,,,Raydium,,SOL
,,,low,Vlad,LIFE,https://app.vlad.finance,https://rugdoc.io/project/vlad-finance/,BSC
,,,low,Hyperjump,ALLOY,https://farm.hyperjump.fi,https://rugdoc.io/project/hyperjump-fi/,BSC
,,,,,,https://app.sponge.finance,,BSC
,,,,,,https://apoyield.com,,BSC
,,,,,,https://aluna.social/farm,,ETH
,,,some,Aloe,ALOE,https://aloeswap.com,https://rugdoc.io/project/aloeswap/,BSC
,,,,,,https://hyfi.pro,,BSC
,,,,,,https://app.alpacafinance.org,,BSC
,,,,,,hhttps://taco.finance/,,BSC
,,,low,Parthenon Alpha,ALPHA,https://alpha.parthenon.finance,https://rugdoc.io/project/alpha-parthenon/,BSC
,,,,,,https://antdefi.io,,BSC
x,,,some,Spirit,SPIRIT,https://app.spiritswap.finance,https://rugdoc.io/project/spiritswap/,FANTOM
,,,,,,https://memefarm.io,,BSC
,,,low,Polyape Finance,APE,https://www.polyapefinance.com,https://rugdoc.io/project/polyapefi-polygon/,MATIC
,,,,,,https://www.polyape.online/,,MATIC
,,,,,,https://olive.cash/farms,,BSC
,,,,,,https://farm.unicrypt.network,,ETH
,,,,,,https://elk.finance,,AVAX
,,,,,,https://armor.fi,,ETH
,,,,,,https://www.arthcoin.com,,ETH
x,,,low,Fanatics,GOAL,https://fanaticsfinance.com,https://rugdoc.io/project/fanatics/,BSC
x,,86.0,,Brew,BREW,https://cafeswap.finance,https://www.certik.org/projects/cafeswap,BSC
x,,,low,Borg,SON,https://ftm.borgswap.exchange,https://rugdoc.io/project/borgswap-kling/,FANTOM
x,,,low,Hyperjump,ORI,https://hyperjump.fi,https://rugdoc.io/project/hyperjump-fi/,FANTOM
,,,low,Blackswap *,AURORA/SOLAR,https://www.blackswap.finance,https://rugdoc.io/project/black-poly/,MATIC
x,,,low,Alchemist,MIST/AURUM,https://www.alchemistdefi.com,https://rugdoc.io/project/alchemist-defi/,BSC
,,,,,,https://dogen.finance,,BSC
,,,,,,https://www.bakeryswap.org,,BSC
,,,low,Brickchain,BRICK,https://brickchain.finance,https://rugdoc.io/project/brickchain/,BSC
,,,,,,https://squirrel.finance,,BSC
,,,,,,https://tripswap.finance,,BSC
,,,,,,https://www.coralfarm.finance/,,BSC
,,,,,,https://avax.olive.cash,,AVAX
,,,,,,https://app.baguette.exchange,,AVAX
,,,,,,https://app.canary.exchange/,,AVAX
,,,,,,https://avme.io,,AVAX
x,,,low,Pandaswap,BAMBOO,https://pandaswap.exchange,https://rugdoc.io/project/panda-swap-defi/,AVAX
x,,,HIGH,Birdy,BIRD,https://birdy.finance,https://rugdoc.io/project/birdy-avalanche/,AVAX
,,,,,,https://avax.complus.exchange,,AVAX
x,,,some,Lydia,LYD,https://www.lydia.finance,https://rugdoc.io/project/lydia-avax/,AVAX
,,,,,,https://bsc.complus.exchange,,BSC
,,,,,,https://exchange.yetiswap.app,,AVAX
,,,,,,https://penguinfinance.org,,AVAX
,,,,,,https://app.gondola.finance,,AVAX
,,,,,,https://farm.avalaunch.app,,AVAX
,,,,,,https://app.0.exchange,,AVAX
,,,,,,https://b2xtoken.io/farm,,BSC
,,,,,,https://basis.cash,,ETH
,,,,,,https://harvest.finance/,,ETH
,,,,,,https://app.thisistheway.finance/#/stake,,ETH
,,,,,,https://bondappetit.io,,ETH
,,,,,,https://www.ybearswap.finance,,BSC
x,,,some,Cosmos Farm (MARS),MARS,https://mars.cosmos.farm,https://rugdoc.io/project/cosmos-mars/,BSC
,,,high,Mocktail,MOK,https://www.mocktailswap.finance,https://rugdoc.io/project/mocktail/,BSC
x,,,low,Pasta,PASTA,https://pastafinance.com,https://rugdoc.io/project/pastafinance/,BSC
,,,,,,https://percent.finance/,,ETH
x,,,low,Bami,BAMI,https://app.bami.money,https://rugdoc.io/project/bami-money/,BSC
,,,some,Zex,ZEX,https://www.zexswap.finance,https://rugdoc.io/project/zex/,BSC
,,,low,Barbecue Swap,BBQ,https://app.barbecueswapfinance.com,https://rugdoc.io/project/barbecueswap-finance/,BSC
,,,low,Blueswap,BLUE,https://app.blueswap.finance,https://rugdoc.io/project/blueswap/,BSC
x,,,some,YieldFields,FIELD,https://yieldfields.finance,https://rugdoc.io/project/yieldfields/,BSC
,,,low,Runner,ENERGY,https://bscrunner.com,https://rugdoc.io/project/bscrunner/,BSC
,,,,,,https://koaladefi.finance/,,BSC
,,,,,,https://floatprotocol.com/#/stake,,ETH
,,,,,,https://basketdao.org,,ETH
,,,,,,https://nft20.io,,ETH
,,,,,,https://benswap.finance/,,BSC
,,,low,Carrotcake,cCAKE,https://carrotcake.fi,https://rugdoc.io/project/carrotcake-fi/,BSC
,,,,,,https://www.bigdataprotocol.com/datavault,,ETH
,,,low,Polybear,BEAR,https://polybear.exchange,https://rugdoc.io/project/polybear/,MATIC
x,,,some,Lazymint,LAZY,https://lazymint.finance,https://rugdoc.io/project/lazymint/,BSC
,,,,,,https://www.saltswap.finance/,,BSC
,,,,,,https://pizzafinance.app,,BSC
,,,low,BorgSwap,KLING,https://farm.borgswap.exchange,https://rugdoc.io/project/borg-ftm-bsc/,BSC
,,,high,Neonic,NEONIC,https://neonic.finance,https://rugdoc.io/project/neonic/,BSC
,,,,,,https://shrimpswap.finance,,BSC
,,,,,,https://fulcrum.trade,,BSC
,,,,,,https://julswap.com,,BSC
x,,,some,Warden,WAD,https://www.wardenswap.finance,https://rugdoc.io/project/wardenswap/,BSC
,,,,,,https://kebabfinance.com,,BSC
,,,low,VeganSwap,VEGAN,https://veganswap.finance,https://rugdoc.io/project/veganswap/,BSC
,,,,,,http://farm.ybear.finance,,BSC
,,,,,,https://sakeswap.finance,,ETH
,,,low,Billhwang,BILL,https://www.billhwangdefi.co,https://rugdoc.io/project/bill-hwang-defi/,BSC
,,,,,,https://biopset.com,,ETH
,,,low,Blizzard,xBLZD,https://blizzard.money,https://rugdoc.io/project/blizzard-money/,BSC
,,,,,,https://swedefi.com/,,BSC
,,,,,,https://tsuki.finance,,BSC
,,,low,Bourbon,BRRL,https://bourbondefi.com,https://rugdoc.io/project/bourbondefi/,BSC
,,,,,,https://berrydata.co/,,BSC
,,,some,Donut,DONUT,https://donutdefi.com,https://rugdoc.io/project/donutswapp/,BSC
,,,low,Toad Swap,TOAD,https://toad.farm,https://rugdoc.io/project/toad-network/,BSC
,,,low,Fullsail,SAIL,https://fullsail.finance,https://rugdoc.io/project/fullsail/,BSC
x,,,low,Hyrule,RUPEE,https://app.hyruleswap.com,https://rugdoc.io/project/hyruleswap/,BSC
x,,,low,Space,SPACE,https://farm.space,https://rugdoc.io/project/farm-space-space/,BSC
,,,low,Yieldbay,PALM,https://yieldbay.finance,https://rugdoc.io/project/yieldbay/,BSC
,,,,,,https://cubdefi.com,,BSC
x,,,some,Muscle,MUSCLE,https://muscle.finance,https://rugdoc.io/project/muscle-finance/,BSC
,,,low,Snek,SNEK,https://snek.farm,https://rugdoc.io/project/snek-farm/,BSC
x,,,low,Dragonball,DBALL,https://dragonballfinance.org,https://rugdoc.io/project/dragonball/,BSC
x,,,low,Marshmallow,MASH/TOFY,https://marshmallowdefi.com,https://rugdoc.io/project/marshmellow-defi/,BSC
,,,high,GoatSwap,GOAT,https://goatswap.finance,https://rugdoc.io/project/goatswap-finance/,BSC
,,,low,The Farming Den,TFT,https://thefarmingden.com,https://rugdoc.io/project/the-farming-den/,BSC
,,,low,Evodefi,GEN,https://evodefi.com,https://rugdoc.io/project/evo-defi/,BSC
xx,,,low,Plumcake,PLUM,https://plumcake.finance,https://rugdoc.io/project/plumcake-finance/,BSC
,,,low,Pulsar,PUL,https://www.pulsar.farm,https://rugdoc.io/project/pulsar/,BSC
,,,low,Oni,ONI,https://oni.exchange,https://rugdoc.io/project/oni-exchange/,BSC
,,,Not Eligible,Kesef Finance,KSF,https://kesef.finance,https://rugdoc.io/project/kesef-finance/,BSC
x,,,low,Werewolf,WEREWOLF,https://werewolf.farm,https://rugdoc.io/project/werewolf-farm/,BSC
,,,,,,https://www.pinkswap.finance,,BSC
,,,high,Mayo,MAYO,https://mayoswap.com,https://rugdoc.io/project/mayoswap/,BSC
,,,high,FarmHero,FARMHERO,https://farmhero.io,https://rugdoc.io/project/farmhero/,BSC
,,,,,,https://siberianswap.finance,,BSC
,,,,,,https://kiyomi.finance,,BSC
,,,,,,https://pearldefi.com,,BSC
,,,,,,https://app.elephantswap.finance,,BSC
,,,,,,https://ramenswap.finance,,BSC
,,,,,,https://yieldnyan.com,,BSC
,,,,,,https://app.polarisdefi.io,,BSC
,,,,,,https://finance.zcore.network,,BSC
,,,,,,https://llamaswap.finance,,BSC
,,,low,Soju,SOJU,https://sojudefi.com,https://rugdoc.io/project/sojudefi/,BSC
x,,,low,ThunderSwap,TNDR,https://thunderswap.finance,https://rugdoc.io/project/thunderswap/,BSC
,,,high,Jazz,JAZZ,https://jazzdefi.com,https://rugdoc.io/project/jazz/,BSC
x,,,low,PrivacySwap,PRV,https://privacyswap.finance,https://rugdoc.io/project/privacyswap/,BSC
,,,,,,https://www.pureswap.finance,,BSC
x,,,low,Friction,xTAO,https://friction.finance,https://rugdoc.io/project/friction-finance-tao/,BSC
,,,,,,https://farms.tinville.finance,,BSC
,,,high,Pancakefork,FCKE,https://app.pancakefork.finance,https://rugdoc.io/project/pancakefork/,BSC
x,,,low,Prism,PRISM,https://bsc.prismfinance.net,https://rugdoc.io/project/prism-finance/,BSC
x,,,some,TeaSwap,SUGAR,https://tea-swap-app.finance,https://rugdoc.io/project/teaswapapp/,BSC
,,,,,,https://chipshop.finance,,BSC
,,,,,,https://cdo.finance,,BSC
,,,,,,http://djinn.gold,,BSC
x,,,some,Eggplant,EGGP,https://eggplant.fi,https://rugdoc.io/project/eggplant-fi/,BSC
x,,,low,Eleven,ELE,https://eleven.finance,https://rugdoc.io/project/wault/,BSC
,,,,,,https://ellipsis.finance,,BSC
x,,,some,Feeder,FEED,https://app.feeder.finance,https://rugdoc.io/project/feeder-finance/,BSC
x,,,low,Fish,FISH,https://fishswap.app,https://rugdoc.io/project/fishswap/,BSC
,,,,,,https://fluity.finance,,BSC
,,,,,,https://thegreenhouse.finance,,FANTOM
xx,,,high,Paintswap,BRUSH,https://paintswap.finance,https://rugdoc.io/project/paintswap/,FANTOM
,,,high,Shadow,Various,https://shadowswap.app,https://rugdoc.io/project/shadowswap-finance/,FANTOM
x,,,some,Growth,WHEAT,https://wheat.growthdefi.com,https://rugdoc.io/project/wheat-growthdefi-com/,BSC
,,,,,,https://www.helmet.insure,,BSC
,,,,,,https://popsicle.finance,,BSC
,,,,,,https://kimochi.finance,,BSC
x,,,low,Knight,KNIGHT,https://www.knightsdefi.com,https://rugdoc.io/project/knightsdefi-knights-of-the-round-table/,BSC
,,,,,,https://www.mythic.finance,,BSC
,,,low,Mushrooms,MM,https://mushrooms.finance,https://rugdoc.io/project/mushroom/,BSC
,,,,,,https://farms.polispay.org,,BSC
,,,,,,https://ricefarm.fi,,BSC
,,,,,,https://bsc.sashimi.cool/,,BSC
,,,,,,https://smoothy.finance,,BSC
,,,,,,https://soups.finance,,BSC
,,,,,,https://swirl.cash/mining,,BSC
,,,,,,https://bsc.wasabix.finance/#/app/pool,,BSC
,,,,,,https://farm.wsbdapp.com,,BSC
,,,,,,https://bondappetit.io,,BSC
,,,low,APWars,WGOLD,https://farms.apwars.farm,https://rugdoc.io/project/apwars/,BSC
x,,,low,Yumcha,YUMCHA,https://yumcha.finance,https://rugdoc.io/project/yumcha-finance/,BSC
,,,,,,https://mushrooms.finance/farms,,FANTOM
,,,,,,https://piratedice.xyz,,MATIC
,,,,,,https://basis.gold,,ETH
,,,,,,https://app.elk.finance,,MATIC
,,,high,Polydex,PLX,https://polydex.fi,https://rugdoc.io/project/polydex/,MATIC
,,,,,,https://swipe.org/farm,,ETH
,,,,,,https://klondike.finance,,ETH
,,,,,,https://app.lift.kitchen,,ETH
,,,low,MordorSwap,MORDOR,https://mordorswap.finance,https://rugdoc.io/project/mordorswap/,MATIC
,,,some,PolyWolf,WOLF,https://polywolf.finance,https://rugdoc.io/project/polywolf/,MATIC
,,,,,,https://southpark.finance/,,MATIC
,,,,,,https://ichi.farm/,,ETH
x,,,low,Goldenbull,GBULL,https://farms.goldenbull.finance,https://rugdoc.io/project/goldenbull/,MATIC
x,,,low,PolyBull,BULL,https://polybull.finance,https://rugdoc.io/project/polybull-finance/,MATIC
,,,low,dungeonswap,DND,https://dungeonswap.app,https://rugdoc.io/project/dungeonswap/,BSC
,,,,,,https://galaxydefi.finance,,BSC
,,,,,,https://bsc.lever.network/Staking,,BSC
,,,,,,https://nerve.fi,,BSC
,,,some,Polypanda,BAMBOO,https://polypanda.finance,https://rugdoc.io/project/polypanda-polygon/,MATIC
,,,some,PolyCarrot,CARROT,https://www.polycarrot.finance,https://rugdoc.io/project/polycarrot/,MATIC
,,,,,,https://v0.dfx.finance,,ETH
,,,low,PolyCash,CASH,https://polycash.finance,https://rugdoc.io/project/polycash/,MATIC
,,,,,,https://indexed.finance,,ETH
,,,,,,https://www.moonwolf.io,,MATIC
,,,,,,https://cntr.finance,,ETH
,,,,,,https://app.compli.fi,,ETH
,,,,,,https://convx.conv.finance,,ETH
,,,,,,https://cvi.finance,,ETH
,,,some,Polycrab,CRAB,https://polycrab.finance,https://rugdoc.io/project/polycrab/,MATIC
,,,low,Polyce,CSI,https://polyce.io,https://rugdoc.io/project/polyce-polygon/,MATIC
,,,,,,https://app.cryptex.finance,,ETH
,,,,,,https://cyclone.xyz/eth,,ETH
,,,,,,https://debaseonomics.io/,,ETH
,,,,,,https://ethic.money,,ETH
,,,,,,https://morph.finance/,,ETH
,,,,,,https://olympusdao.eth.link/,,ETH
,,,,,,https://onecash.finance,,ETH
,,,,,,https://app.rulerprotocol.com/app/farms,,ETH
,,,,,,https://www.proofofhumanity.id,,ETH
,,,low,Smellycat,PUSSY,https://www.smellycat.finance,https://rugdoc.io/project/smellycat-finance/,MATIC
,,,,,,https://exchange.dfyn.network,,MATIC
x,,,low,Polylion,LION,https://polylion.exchange,https://rugdoc.io/project/polylion/,MATIC
,,,low,Avengers,SHIELD,https://avengers.exchange,https://rugdoc.io/project/avengers-exchange/,MATIC
,,,,,,https://app.elena.finance,,ETH
,,,,,,https://valueset.finance/,,ETH
,,,,,,https://xusd.money/,,ETH
,,,low,Polydeer,DEER,https://polydeer.finance,https://rugdoc.io/project/polydeer-finance/,MATIC
,,,,,,https://www.piedao.org,,ETH
,,,,,,https://kitten.finance/,,ETH
,,,low,Monopoly,MONO,https://monopolyfinance.xyz,https://rugdoc.io/project/monopoly-polygon/,MATIC
,,,,,,https://inverse.finance,,ETH
,,,,,,https://don-key.finance,,ETH
,,,,,,https://dsd.finance,,ETH
,,,,,,https://vtd.finance/app/,,ETH
,,,low,Polysa,DUFF,https://www.polysa.finance,https://rugdoc.io/project/polysa-finance/,MATIC
,,,,,,https://stakedao.org,,ETH
x,,,some,Polycake,PCAKE,https://www.polycake.finance,https://rugdoc.io/project/polycake-finance/,MATIC
,,,,,,https://ethernity.io,,ETH
,,,,,,https://emptyset.finance,,ETH
x,,,low,Ester,EST,https://ester.finance,https://rugdoc.io/project/ester-finance/,FANTOM
,,,some,PolyDragon,FIRE,https://polydragon.io,https://rugdoc.io/project/polydragon-io/,MATIC
,,,,,,https://forcedao.com/,,ETH
,,,,,,https://app.frax.finance/,,ETH
,,,,,,https://exchange.futureswap.com,,ETH
,,,,,,https://fuse.io,,ETH
,,,,,,https://gamestop.finance,,ETH
,,,,,,https://www.dollarprotocol.com/#/stake,,ETH
,,,some,Hawkdex,HAWK,https://hawkdex.com,https://rugdoc.io/project/polyhawk/,MATIC
,,,,,,https://popsicle.finance,,ETH
,,,,,,https://defiville.finance/,,ETH
,,,,,,https://dashboard.keep.network/liquidity,,ETH
,,,,,,https://kine.finance,,ETH
,,,,,,http://stake.kineko.io,,ETH
,,,,,,https://lever.network,,ETH
,,,,,,https://staking.launchpool.xyz,,ETH
,,,,,,https://app.playludus.io,,ETH
,,,,,,https://liquity.app,,ETH
,,,,,,https://launchpad.benchmarkprotocol.finance/pools,,ETH
,,,,,,https://stake.publicmint.com,,ETH
,,,,,,https://mushrooms.finance/farms,,ETH
,,,,,,https://museumofcryptoart.com,,MATIC
,,,,,,https://mochi.market,,ETH
,,,,,,https://incentives.epns.io,,ETH
,,,,,,https://app.optionroom.finance,,ETH
,,,,,,https://staking.sandbox.game,,ETH
,,,,,,https://www.sharedstake.org/earn,,ETH
,,,,,,https://app.sirenmarkets.com/stake,,ETH
,,,,,,https://app.xsigma.fi,,ETH
,,,,,,https://smoothy.finance,,ETH
,,,,,,https://abracadabra.money,,ETH
,,,,,,https://www.stabilize.finance/app/,,ETH
,,,,,,https://stake.myswarm.app,,ETH
,,,,,,https://app.tornado.cash,,ETH
,,,,,,https://app.truefi.io/farm,,ETH
,,,,,,https://farm.umbria.network,,ETH
,,,,,,https://www.app.unic.ly/#/farm,,ETH
,,,,,,https://updown.finance,,ETH
,,,,,,https://app.unslashed.finance/,,ETH
,,,,,,https://polyvertex.finance/farms,,MATIC
,,,,,,https://wasabix.finance/#/app/pool,,ETH
,,,,,,https://wild.credit,,ETH
,,,,,,https://app.wolvesofwallstreet.finance,,ETH
,,,,,,https://xtoken.cafe/app/dashboard,,ETH
,,,,,,https://yaxis.io/farms,,ETH
,,,,,,https://yflusd.linkswap.app,,ETH
,,,,,,https://fei.money,,ETH
,,,low,Orcinus,ORCA,https://www.orcinuslabs.ca,https://rugdoc.io/project/orcinuslabs/,MATIC
,,,,,,https://stonk.farm/,,MATIC
,,,low,Polyswan,SWAN,https://www.polyswan.finance,https://rugdoc.io/project/polyswan/,MATIC
,,,,,,https://www.polytiger.com/,,MATIC
,,,some,Polyrangers,RNG,https://polyrangers.finance,https://rugdoc.io/project/polyrangers-poly/,MATIC
,,,high,Polyfox,FOX,https://polyfox.finance,https://rugdoc.io/project/polyfox-finance/,MATIC
,,,,,,https://www.theghost.finance,,FANTOM
,,,,,,https://popsicle.finance,,FANTOM
xx,,,low,Tomb,Various,https://tomb.finance,https://rugdoc.io/project/tomb-finance/,FANTOM
x,,,some,Polygaj,GAJ,https://polygaj.finance,https://rugdoc.io/project/polygaj-finance/,MATIC
,,,high,Polybutterfly,POLLEN,https://polybutterfly.finance,https://rugdoc.io/project/polybutterfly/,MATIC
,,,high,Glock,GLOCK,https://www.glockswap.com,https://rugdoc.io/project/glockswap/,MATIC
,,,,,,https://gambit.financial/earn,,BSC
,,,high,Polygoat,GOAT,https://www.polygoat.finance,https://rugdoc.io/project/polygoat/,MATIC
,,,some,Polyakita,HACHI,https://defi.polyakita.com,https://rugdoc.io/project/polyakita/,MATIC
x,,,low,Iron,TITAN,https://polygon.iron.finance,https://rugdoc.io/project/polygon-iron-finance/,MATIC
,,,low,Jurassic,RAPTOR,https://www.jurassicfarm.app,https://rugdoc.io/project/jurassic-farm-polygon/,MATIC
,,,some,Polyvolve,SPEAR,https://polyvolve.finance,https://rugdoc.io/project/polyvolve-finance/,MATIC
,,,high,Polyion,LION,https://www.polyion.net,https://rugdoc.io/project/polyion/,MATIC
,,,,,,https://gravityfinance.io/app/#farms,,MATIC
,,,some,SteakHouse,STEAK,https://steakhouse.finance,https://rugdoc.io/project/steakhouse/,MATIC
,,,,,,https://www.polymaple.com/,,MATIC
,,,low,PolyMax,MAX,https://polymax.club,https://rugdoc.io/project/polymax/,MATIC
,,,,,,https://mith.cash,,ETH
,,,low,Polymouse,MICE,https://polymouse.finance,https://rugdoc.io/project/polymouse/,MATIC
,,,,,,https://www.monkefarm.finance,,MATIC
,,,some,PolyStarter,STARTER,https://www.polystarter.fi,https://rugdoc.io/project/polystarter-fi/,MATIC
,,,low,Polyshark,SHARK,https://www.polyshark.finance,https://rugdoc.io/project/polysharkpolygon/,MATIC
x,,,some,Polywhale,KRILL,https://polywhale.finance,https://rugdoc.io/project/polywhale-polygon/,MATIC
,,,,,,https://narwhale.finance,,ETH
,,,,,,https://mimo.capital/mining,,ETH
,,,,,,https://pegs.cash,,ETH
x,,,some,PolyPingu,PINGU,https://polypingu.finance,https://rugdoc.io/project/polypingu/,MATIC
,,,,,,https://polkacash.finance,,ETH
,,,low,PolyPunk,PPNK,https://polypunk.finance,https://rugdoc.io/project/polypunk-finance/,MATIC
x,,,low,Prism,PRISM,https://polygon.prismfinance.net,https://rugdoc.io/project/prism-finance/,MATIC
,,,low,PolyPup,PUP,https://polypup.finance,https://rugdoc.io/project/polypup-finance/,MATIC
,,,low,Polyfi,PolyFi,https://polyfi.io,https://rugdoc.io/project/polyfi-polygon/,MATIC
,,,,,,https://www.mai.finance,,MATIC
,,,low,PolySnowFarm,SNOW,https://polysnow.farm,https://rugdoc.io/project/polysnow-farm/,MATIC
,,,,,,https://polygon.space-defi.com/,,MATIC
,,,,,,https://stacker.vc,,MATIC
,,,,,,https://gameswap.netlify.app/,,MATIC
,,,high,Polysnake,SNAKE,https://www.polysnake.finance,https://rugdoc.io/project/polysnake/,MATIC
,,,,,,https://penguinswap.eth.link,,ETH
,,,,,,https://dao.universe.xyz/yield-farming,,ETH
,,,low,Polyyeld,YELD,https://polyyeld.finance,https://rugdoc.io/project/polyyeld-finance/,MATIC
,,,,,,http://app.eurxb.finance,,ETH
,,,,,,https://xdollar.mcn.ventures,,MATIC
,,,,,,https://bella.fi,,ETH
,,,,,,https://staking.synthetix.io,,ETH
